"location","year","woy","mort","temp","popu","date"
"PT170",2000,1,653,9.54240025111602,2807525,2000-01-06
"PT170",2000,2,696,8.28788800920802,2807525,2000-01-13
"PT170",2000,3,762,8.92532174246702,2807525,2000-01-20
"PT170",2000,4,792,8.69624372209802,2807525,2000-01-27
"PT170",2000,5,849,12.538062395368,2807525,2000-02-03
"PT170",2000,6,721,12.407643345424,2807525,2000-02-10
"PT170",2000,7,611,12.240934535435,2807525,2000-02-17
"PT170",2000,8,570,13.54679914202,2807525,2000-02-24
"PT170",2000,9,509,12.886751883371,2807525,2000-03-02
"PT170",2000,10,499,16.473168945313,2807525,2000-03-09
"PT170",2000,11,484,16.050395856585,2807525,2000-03-16
"PT170",2000,12,474,12.783925083705,2807525,2000-03-23
"PT170",2000,13,488,12.036244419643,2807525,2000-03-30
"PT170",2000,14,473,12.652529471261,2807525,2000-04-06
"PT170",2000,15,488,12.667068917411,2807525,2000-04-13
"PT170",2000,16,493,14.390496826172,2807525,2000-04-20
"PT170",2000,17,481,12.96228288923,2807525,2000-04-27
"PT170",2000,18,502,14.844323730469,2807525,2000-05-04
"PT170",2000,19,459,15.82554234096,2807525,2000-05-11
"PT170",2000,20,453,17.173617117746,2807525,2000-05-18
"PT170",2000,21,471,17.141843959264,2807525,2000-05-25
"PT170",2000,22,447,19.015575299944,2807525,2000-06-01
"PT170",2000,23,408,18.392742047991,2807525,2000-06-08
"PT170",2000,24,534,23.25627179827,2807525,2000-06-15
"PT170",2000,25,439,20.857097516741,2807525,2000-06-22
"PT170",2000,26,415,20.413001360212,2807525,2000-06-29
"PT170",2000,27,420,20.501776994978,2807525,2000-07-06
"PT170",2000,28,466,22.979250662667,2807525,2000-07-13
"PT170",2000,29,424,20.24315359933,2807525,2000-07-20
"PT170",2000,30,432,21.653392682757,2807525,2000-07-27
"PT170",2000,31,439,22.923717389788,2807525,2000-08-03
"PT170",2000,32,471,23.701501464844,2807525,2000-08-10
"PT170",2000,33,439,22.405380684989,2807525,2000-08-17
"PT170",2000,34,403,19.790734863281,2807525,2000-08-24
"PT170",2000,35,415,20.744775390625,2807525,2000-08-31
"PT170",2000,36,382,22.531671142578,2807525,2000-09-07
"PT170",2000,37,359,20.722549874442,2807525,2000-09-14
"PT170",2000,38,394,18.848944963728,2807525,2000-09-21
"PT170",2000,39,387,18.13036063058,2807525,2000-09-28
"PT170",2000,40,429,19.263295200893,2807525,2000-10-05
"PT170",2000,41,418,16.196204485212,2807525,2000-10-12
"PT170",2000,42,449,15.906867327009,2807525,2000-10-19
"PT170",2000,43,419,16.644573102678,2807525,2000-10-26
"PT170",2000,44,446,14.904425920759,2807525,2000-11-02
"PT170",2000,45,486,12.734390694754,2807525,2000-11-09
"PT170",2000,46,491,11.461781529018,2807525,2000-11-16
"PT170",2000,47,562,14.770802525112,2807525,2000-11-23
"PT170",2000,48,479,14.935619245257,2807525,2000-11-30
"PT170",2000,49,518,14.781924002511,2807525,2000-12-07
"PT170",2000,50,482,12.603570556641,2807525,2000-12-14
"PT170",2000,51,501,12.535812813895,2807525,2000-12-21
"PT170",2000,52,549,13.19632219587,2807525,2000-12-28
"PT170",2001,1,589,12.887227085658,2807525,2001-01-04
"PT170",2001,2,555,11.64833984375,2807525,2001-01-11
"PT170",2001,3,544,11.204326520647,2807525,2001-01-18
"PT170",2001,4,504,13.153584507534,2807525,2001-01-25
"PT170",2001,5,528,11.577778843471,2807525,2001-02-01
"PT170",2001,6,554,13.165381731306,2807525,2001-02-08
"PT170",2001,7,489,12.330460030692,2807525,2001-02-15
"PT170",2001,8,598,11.735668073382,2807525,2001-02-22
"PT170",2001,9,594,12.402847726005,2807525,2001-03-01
"PT170",2001,10,556,14.645048304966,2807525,2001-03-08
"PT170",2001,11,509,12.958180454799,2807525,2001-03-15
"PT170",2001,12,506,14.691129847935,2807525,2001-03-22
"PT170",2001,13,443,13.943065534319,2807525,2001-03-29
"PT170",2001,14,469,14.358623395647,2807525,2001-04-05
"PT170",2001,15,499,16.606160191127,2807525,2001-04-12
"PT170",2001,16,489,14.189651925223,2807525,2001-04-19
"PT170",2001,17,474,14.262902832031,2807525,2001-04-26
"PT170",2001,18,468,12.539841134208,2807525,2001-05-03
"PT170",2001,19,532,13.735990687779,2807525,2001-05-10
"PT170",2001,20,487,16.710486711774,2807525,2001-05-17
"PT170",2001,21,466,18.116858782087,2807525,2001-05-24
"PT170",2001,22,520,22.151448277065,2807525,2001-05-31
"PT170",2001,23,408,18.589994594029,2807525,2001-06-07
"PT170",2001,24,413,18.688487897601,2807525,2001-06-14
"PT170",2001,25,534,22.879261997768,2807525,2001-06-21
"PT170",2001,26,411,20.987804303851,2807525,2001-06-28
"PT170",2001,27,418,19.633900669643,2807525,2001-07-05
"PT170",2001,28,427,20.958764648437,2807525,2001-07-12
"PT170",2001,29,428,20.110358537946,2807525,2001-07-19
"PT170",2001,30,448,20.986387416295,2807525,2001-07-26
"PT170",2001,31,435,22.113375418527,2807525,2001-08-02
"PT170",2001,32,449,22.568715122768,2807525,2001-08-09
"PT170",2001,33,400,20.489238630022,2807525,2001-08-16
"PT170",2001,34,461,21.624963378906,2807525,2001-08-23
"PT170",2001,35,395,21.231801060268,2807525,2001-08-30
"PT170",2001,36,492,22.932763671875,2807525,2001-09-06
"PT170",2001,37,440,20.66403023856,2807525,2001-09-13
"PT170",2001,38,411,19.435335867746,2807525,2001-09-20
"PT170",2001,39,437,18.145632498605,2807525,2001-09-27
"PT170",2001,40,414,18.709832763672,2807525,2001-10-04
"PT170",2001,41,454,17.850414167132,2807525,2001-10-11
"PT170",2001,42,431,17.186255754743,2807525,2001-10-18
"PT170",2001,43,461,17.171467808315,2807525,2001-10-25
"PT170",2001,44,450,18.469188581194,2807525,2001-11-01
"PT170",2001,45,455,13.639311000279,2807525,2001-11-08
"PT170",2001,46,489,10.739966692243,2807525,2001-11-15
"PT170",2001,47,600,11.097148786273,2807525,2001-11-22
"PT170",2001,48,564,11.54289289202,2807525,2001-11-29
"PT170",2001,49,556,10.723604910714,2807525,2001-12-06
"PT170",2001,50,599,11.086554827009,2807525,2001-12-13
"PT170",2001,51,619,9.79886125837101,2807525,2001-12-20
"PT170",2001,52,683,8.78980625697602,2807525,2001-12-27
"PT170",2002,1,683,12.664723423549,2807525,2002-01-03
"PT170",2002,2,604,10.967004394531,2807525,2002-01-10
"PT170",2002,3,626,10.898514229911,2807525,2002-01-17
"PT170",2002,4,646,13.161580113002,2807525,2002-01-24
"PT170",2002,5,650,12.349237060547,2807525,2002-01-31
"PT170",2002,6,687,12.745895821708,2807525,2002-02-07
"PT170",2002,7,609,11.603758021763,2807525,2002-02-14
"PT170",2002,8,626,11.645754568917,2807525,2002-02-21
"PT170",2002,9,623,10.880970982143,2807525,2002-02-28
"PT170",2002,10,568,11.921816580636,2807525,2002-03-07
"PT170",2002,11,552,12.200093296596,2807525,2002-03-14
"PT170",2002,12,548,16.219938441685,2807525,2002-03-21
"PT170",2002,13,492,15.830507986886,2807525,2002-03-28
"PT170",2002,14,459,12.2219264439181,2807525,2002-04-04
"PT170",2002,15,492,12.656849888393,2807525,2002-04-11
"PT170",2002,16,476,14.407264055525,2807525,2002-04-18
"PT170",2002,17,487,17.485947091239,2807525,2002-04-25
"PT170",2002,18,474,14.501380266462,2807525,2002-05-02
"PT170",2002,19,456,14.132196044922,2807525,2002-05-09
"PT170",2002,20,491,17.006441824777,2807525,2002-05-16
"PT170",2002,21,434,16.208585902623,2807525,2002-05-23
"PT170",2002,22,470,17.526339285714,2807525,2002-05-30
"PT170",2002,23,432,16.156139264788,2807525,2002-06-06
"PT170",2002,24,480,20.590583147321,2807525,2002-06-13
"PT170",2002,25,446,19.673621477399,2807525,2002-06-20
"PT170",2002,26,421,19.479111153739,2807525,2002-06-27
"PT170",2002,27,436,18.819185965402,2807525,2002-07-04
"PT170",2002,28,444,19.691622488839,2807525,2002-07-11
"PT170",2002,29,474,23.125735037667,2807525,2002-07-18
"PT170",2002,30,463,21.425975690569,2807525,2002-07-25
"PT170",2002,31,432,19.830272565569,2807525,2002-08-01
"PT170",2002,32,422,20.20158429827,2807525,2002-08-08
"PT170",2002,33,476,21.704457310268,2807525,2002-08-15
"PT170",2002,34,422,20.419222586496,2807525,2002-08-22
"PT170",2002,35,461,21.461031668527,2807525,2002-08-29
"PT170",2002,36,396,18.747853306362,2807525,2002-09-05
"PT170",2002,37,447,19.414230782645,2807525,2002-09-12
"PT170",2002,38,447,19.176830182757,2807525,2002-09-19
"PT170",2002,39,417,19.151339285714,2807525,2002-09-26
"PT170",2002,40,443,20.254057094029,2807525,2002-10-03
"PT170",2002,41,442,17.2289149693081,2807525,2002-10-10
"PT170",2002,42,457,17.87205984933,2807525,2002-10-17
"PT170",2002,43,429,17.728762381417,2807525,2002-10-24
"PT170",2002,44,441,17.909836251395,2807525,2002-10-31
"PT170",2002,45,452,14.994696916853,2807525,2002-11-07
"PT170",2002,46,465,13.691962541853,2807525,2002-11-14
"PT170",2002,47,502,13.007741001674,2807525,2002-11-21
"PT170",2002,48,476,14.339231654576,2807525,2002-11-28
"PT170",2002,49,476,11.817786516462,2807525,2002-12-05
"PT170",2002,50,566,12.017637416295,2807525,2002-12-12
"PT170",2002,51,562,14.4527919224331,2807525,2002-12-19
"PT170",2002,52,507,14.446697126116,2807525,2002-12-26
"PT170",2003,1,563,14.112860979353,2807525,2003-01-02
"PT170",2003,2,507,8.82327532087101,2807525,2003-01-09
"PT170",2003,3,624,7.90757359096,2807525,2003-01-16
"PT170",2003,4,635,11.687515694755,2807525,2003-01-23
"PT170",2003,5,553,10.61908656529,2807525,2003-01-30
"PT170",2003,6,540,10.902891322545,2807525,2003-02-06
"PT170",2003,7,550,10.444665527344,2807525,2003-02-13
"PT170",2003,8,537,11.623956298828,2807525,2003-02-20
"PT170",2003,9,499,12.182349504743,2807525,2003-02-27
"PT170",2003,10,550,12.36216343471,2807525,2003-03-06
"PT170",2003,11,520,14.517576381138,2807525,2003-03-13
"PT170",2003,12,518,13.06299961635,2807525,2003-03-20
"PT170",2003,13,431,13.693736921038,2807525,2003-03-27
"PT170",2003,14,474,14.399809047154,2807525,2003-04-03
"PT170",2003,15,493,14.272485351563,2807525,2003-04-10
"PT170",2003,16,454,13.66929234096,2807525,2003-04-17
"PT170",2003,17,471,14.563017054967,2807525,2003-04-24
"PT170",2003,18,443,15.138391113281,2807525,2003-05-01
"PT170",2003,19,483,15.18451625279,2807525,2003-05-08
"PT170",2003,20,514,17.405903843471,2807525,2003-05-15
"PT170",2003,21,483,19.930823625837,2807525,2003-05-22
"PT170",2003,22,454,20.780193219866,2807525,2003-05-29
"PT170",2003,23,408,19.120826067244,2807525,2003-06-05
"PT170",2003,24,439,21.762235804967,2807525,2003-06-12
"PT170",2003,25,468,23.03905203683,2807525,2003-06-19
"PT170",2003,26,418,19.804489571708,2807525,2003-06-26
"PT170",2003,27,414,19.489456612723,2807525,2003-07-03
"PT170",2003,28,442,21.234373256138,2807525,2003-07-10
"PT170",2003,29,454,19.961986432757,2807525,2003-07-17
"PT170",2003,30,419,21.334091622489,2807525,2003-07-24
"PT170",2003,31,632,26.686578369141,2807525,2003-07-31
"PT170",2003,32,723,26.103696986607,2807525,2003-08-07
"PT170",2003,33,573,24.208939034598,2807525,2003-08-14
"PT170",2003,34,418,22.016918073382,2807525,2003-08-21
"PT170",2003,35,397,21.092584228516,2807525,2003-08-28
"PT170",2003,36,388,20.220435442243,2807525,2003-09-04
"PT170",2003,37,464,24.065467180525,2807525,2003-09-11
"PT170",2003,38,444,22.532652064732,2807525,2003-09-18
"PT170",2003,39,448,20.65712890625,2807525,2003-09-25
"PT170",2003,40,414,18.288594273159,2807525,2003-10-02
"PT170",2003,41,455,18.70355922154,2807525,2003-10-09
"PT170",2003,42,419,16.769150216239,2807525,2003-10-16
"PT170",2003,43,461,14.705664934431,2807525,2003-10-23
"PT170",2003,44,503,14.894132777623,2807525,2003-10-30
"PT170",2003,45,468,15.626157924107,2807525,2003-11-06
"PT170",2003,46,507,14.8660042899,2807525,2003-11-13
"PT170",2003,47,490,13.266734967913,2807525,2003-11-20
"PT170",2003,48,554,13.079945591518,2807525,2003-11-27
"PT170",2003,49,582,9.99039393833704,2807525,2003-12-04
"PT170",2003,50,559,10.875020054408,2807525,2003-12-11
"PT170",2003,51,559,12.368332345145,2807525,2003-12-18
"PT170",2003,52,585,10.219066510882,2807525,2003-12-25
"PT170",2004,1,595,12.005099051339,2807525,2004-01-01
"PT170",2004,2,622,12.587688337054,2807525,2004-01-08
"PT170",2004,3,549,11.444669886998,2807525,2004-01-15
"PT170",2004,4,597,10.771713692801,2807525,2004-01-22
"PT170",2004,5,539,12.954949951172,2807525,2004-01-29
"PT170",2004,6,533,13.2787109375,2807525,2004-02-05
"PT170",2004,7,508,11.947390311105,2807525,2004-02-12
"PT170",2004,8,519,10.268997628348,2807525,2004-02-19
"PT170",2004,9,553,10.275066266741,2807525,2004-02-26
"PT170",2004,10,605,10.905502755301,2807525,2004-03-04
"PT170",2004,11,538,12.363833182199,2807525,2004-03-11
"PT170",2004,12,520,13.775986153739,2807525,2004-03-18
"PT170",2004,13,496,11.282220458984,2807525,2004-03-25
"PT170",2004,14,506,12.395580182757,2807525,2004-04-01
"PT170",2004,15,468,13.802074323382,2807525,2004-04-08
"PT170",2004,16,477,13.496453857422,2807525,2004-04-15
"PT170",2004,17,486,15.071897670201,2807525,2004-04-22
"PT170",2004,18,441,15.057253592355,2807525,2004-04-29
"PT170",2004,19,450,13.626075090681,2807525,2004-05-06
"PT170",2004,20,486,16.678739711217,2807525,2004-05-13
"PT170",2004,21,469,19.291358293806,2807525,2004-05-20
"PT170",2004,22,400,17.838786969866,2807525,2004-05-27
"PT170",2004,23,436,20.183347865514,2807525,2004-06-03
"PT170",2004,24,466,21.766407993862,2807525,2004-06-10
"PT170",2004,25,468,22.664544677734,2807525,2004-06-17
"PT170",2004,26,387,22.0384765625,2807525,2004-06-24
"PT170",2004,27,474,22.275859723773,2807525,2004-07-01
"PT170",2004,28,439,19.61653616769,2807525,2004-07-08
"PT170",2004,29,461,22.511106654576,2807525,2004-07-15
"PT170",2004,30,508,24.165102713449,2807525,2004-07-22
"PT170",2004,31,513,23.378616768973,2807525,2004-07-29
"PT170",2004,32,397,22.510775320871,2807525,2004-08-05
"PT170",2004,33,355,21.968412562779,2807525,2004-08-12
"PT170",2004,34,398,21.569482421875,2807525,2004-08-19
"PT170",2004,35,384,21.843547712054,2807525,2004-08-26
"PT170",2004,36,408,20.223269217355,2807525,2004-09-02
"PT170",2004,37,409,21.1806666782931,2807525,2004-09-09
"PT170",2004,38,444,20.601800537109,2807525,2004-09-16
"PT170",2004,39,444,22.195445905413,2807525,2004-09-23
"PT170",2004,40,437,20.907189941406,2807525,2004-09-30
"PT170",2004,41,431,19.181865583147,2807525,2004-10-07
"PT170",2004,42,395,16.372177559989,2807525,2004-10-14
"PT170",2004,43,443,17.580215890067,2807525,2004-10-21
"PT170",2004,44,470,14.978012520926,2807525,2004-10-28
"PT170",2004,45,463,15.620642961775,2807525,2004-11-04
"PT170",2004,46,436,12.933221435547,2807525,2004-11-11
"PT170",2004,47,455,10.4779384068081,2807525,2004-11-18
"PT170",2004,48,513,12.3657252720431,2807525,2004-11-25
"PT170",2004,49,543,11.69754725865,2807525,2004-12-02
"PT170",2004,50,554,9.98631766183001,2807525,2004-12-09
"PT170",2004,51,532,12.412888009208,2807525,2004-12-16
"PT170",2004,52,530,9.71324637276803,2807525,2004-12-23
"PT170",2004,53,590,10.284535435268,2807525,2004-12-30
"PT170",2005,1,553,8.81705845424102,2807525,2005-01-06
"PT170",2005,2,663,10.715500313895,2807525,2005-01-13
"PT170",2005,3,682,10.587165178572,2807525,2005-01-20
"PT170",2005,4,764,7.223456682478,2807525,2005-01-27
"PT170",2005,5,895,8.64161725725501,2807525,2005-02-03
"PT170",2005,6,871,9.92606724330301,2807525,2005-02-10
"PT170",2005,7,767,9.373114885603,2807525,2005-02-17
"PT170",2005,8,669,9.11668439592603,2807525,2005-02-24
"PT170",2005,9,672,8.36686750139501,2807525,2005-03-03
"PT170",2005,10,638,11.512375313895,2807525,2005-03-10
"PT170",2005,11,575,14.914649309431,2807525,2005-03-17
"PT170",2005,12,556,14.421424211775,2807525,2005-03-24
"PT170",2005,13,483,15.210726492746,2807525,2005-03-31
"PT170",2005,14,467,14.45926600865,2807525,2005-04-07
"PT170",2005,15,463,13.631167166574,2807525,2005-04-14
"PT170",2005,16,423,13.963285609654,2807525,2005-04-21
"PT170",2005,17,428,16.201632254464,2807525,2005-04-28
"PT170",2005,18,472,17.676385498047,2807525,2005-05-05
"PT170",2005,19,401,16.318309674944,2807525,2005-05-12
"PT170",2005,20,446,16.334427315848,2807525,2005-05-19
"PT170",2005,21,445,18.467039271764,2807525,2005-05-26
"PT170",2005,22,425,20.831558663504,2807525,2005-06-02
"PT170",2005,23,451,22.0359261649,2807525,2005-06-09
"PT170",2005,24,420,21.83579624721,2807525,2005-06-16
"PT170",2005,25,461,22.092919921875,2807525,2005-06-23
"PT170",2005,26,404,20.612455531529,2807525,2005-06-30
"PT170",2005,27,407,21.612581961496,2807525,2005-07-07
"PT170",2005,28,415,22.271604701451,2807525,2005-07-14
"PT170",2005,29,416,22.2497584751681,2807525,2005-07-21
"PT170",2005,30,410,20.725130789621,2807525,2005-07-28
"PT170",2005,31,462,25.309285191127,2807525,2005-08-04
"PT170",2005,32,443,23.185257393973,2807525,2005-08-11
"PT170",2005,33,444,23.361832101005,2807525,2005-08-18
"PT170",2005,34,439,21.833925955636,2807525,2005-08-25
"PT170",2005,35,371,22.194456263951,2807525,2005-09-01
"PT170",2005,36,419,19.927802385603,2807525,2005-09-08
"PT170",2005,37,437,22.333036586217,2807525,2005-09-15
"PT170",2005,38,403,20.079317801339,2807525,2005-09-22
"PT170",2005,39,386,21.517532784598,2807525,2005-09-29
"PT170",2005,40,423,20.62252633231,2807525,2005-10-06
"PT170",2005,41,383,17.234050641741,2807525,2005-10-13
"PT170",2005,42,413,17.519006347656,2807525,2005-10-20
"PT170",2005,43,422,17.637004743304,2807525,2005-10-27
"PT170",2005,44,470,15.73094656808,2807525,2005-11-03
"PT170",2005,45,462,13.097924804688,2807525,2005-11-10
"PT170",2005,46,489,13.156784493582,2807525,2005-11-17
"PT170",2005,47,477,12.178739711216,2807525,2005-11-24
"PT170",2005,48,555,11.746719796317,2807525,2005-12-01
"PT170",2005,49,487,11.35099836077,2807525,2005-12-08
"PT170",2005,50,487,8.47829153878405,2807525,2005-12-15
"PT170",2005,51,611,10.362603759766,2807525,2005-12-22
"PT170",2005,52,563,11.895501708985,2807525,2005-12-29
"PT170",2006,1,544,9.69241594587101,2807525,2006-01-05
"PT170",2006,2,565,9.185632324219,2807525,2006-01-12
"PT170",2006,3,617,9.57554234096,2807525,2006-01-19
"PT170",2006,4,609,9.12282714843701,2807525,2006-01-26
"PT170",2006,5,622,8.609495326451,2807525,2006-02-02
"PT170",2006,6,596,10.890631975447,2807525,2006-02-09
"PT170",2006,7,577,11.688871547154,2807525,2006-02-16
"PT170",2006,8,541,8.77919485909604,2807525,2006-02-23
"PT170",2006,9,534,10.516599818638,2807525,2006-03-02
"PT170",2006,10,579,12.311948939732,2807525,2006-03-09
"PT170",2006,11,532,13.403274972098,2807525,2006-03-16
"PT170",2006,12,498,13.794536481585,2807525,2006-03-23
"PT170",2006,13,465,14.069277518136,2807525,2006-03-30
"PT170",2006,14,480,14.682763671875,2807525,2006-04-06
"PT170",2006,15,431,14.854041399275,2807525,2006-04-13
"PT170",2006,16,469,14.289915248326,2807525,2006-04-20
"PT170",2006,17,458,17.757187325614,2807525,2006-04-27
"PT170",2006,18,447,15.830290004185,2807525,2006-05-04
"PT170",2006,19,463,17.37770124163,2807525,2006-05-11
"PT170",2006,20,437,18.900916399275,2807525,2006-05-18
"PT170",2006,21,473,20.363658796038,2807525,2006-05-25
"PT170",2006,22,488,21.473273577009,2807525,2006-06-01
"PT170",2006,23,421,21.283672223772,2807525,2006-06-08
"PT170",2006,24,446,20.091507393973,2807525,2006-06-15
"PT170",2006,25,410,19.780616106306,2807525,2006-06-22
"PT170",2006,26,450,19.09904523577,2807525,2006-06-29
"PT170",2006,27,448,20.918572998047,2807525,2006-07-06
"PT170",2006,28,541,26.483571079799,2807525,2006-07-13
"PT170",2006,29,533,22.816587611607,2807525,2006-07-20
"PT170",2006,30,423,21.921707589286,2807525,2006-07-27
"PT170",2006,31,412,24.246157400949,2807525,2006-08-03
"PT170",2006,32,459,25.64105922154,2807525,2006-08-10
"PT170",2006,33,430,20.031030273438,2807525,2006-08-17
"PT170",2006,34,414,22.871998814174,2807525,2006-08-24
"PT170",2006,35,421,23.398767089844,2807525,2006-08-31
"PT170",2006,36,421,24.45049874442,2807525,2006-09-07
"PT170",2006,37,413,19.336890520369,2807525,2006-09-14
"PT170",2006,38,423,19.360393415179,2807525,2006-09-21
"PT170",2006,39,380,19.870699637277,2807525,2006-09-28
"PT170",2006,40,386,18.85545828683,2807525,2006-10-05
"PT170",2006,41,430,18.839911760603,2807525,2006-10-12
"PT170",2006,42,450,18.1390712193081,2807525,2006-10-19
"PT170",2006,43,431,18.895096261161,2807525,2006-10-26
"PT170",2006,44,452,18.334270368304,2807525,2006-11-02
"PT170",2006,45,439,16.787495640346,2807525,2006-11-09
"PT170",2006,46,466,15.163110351563,2807525,2006-11-16
"PT170",2006,47,438,15.355078996931,2807525,2006-11-23
"PT170",2006,48,492,14.081689453125,2807525,2006-11-30
"PT170",2006,49,479,12.935479736328,2807525,2006-12-07
"PT170",2006,50,537,9.68231026785702,2807525,2006-12-14
"PT170",2006,51,576,8.02394583565905,2807525,2006-12-21
"PT170",2006,52,659,11.52766898019,2807525,2006-12-28
"PT170",2007,1,605,11.343116106306,2807525,2007-01-04
"PT170",2007,2,563,11.053979492188,2807525,2007-01-11
"PT170",2007,3,550,11.531793212891,2807525,2007-01-18
"PT170",2007,4,560,7.678813825335,2807525,2007-01-25
"PT170",2007,5,669,9.07365025111602,2807525,2007-02-01
"PT170",2007,6,688,12.643195452009,2807525,2007-02-08
"PT170",2007,7,580,13.278418840681,2807525,2007-02-15
"PT170",2007,8,607,12.691282435826,2807525,2007-02-22
"PT170",2007,9,526,12.688919503348,2807525,2007-03-01
"PT170",2007,10,492,13.605113874163,2807525,2007-03-08
"PT170",2007,11,491,14.379074532645,2807525,2007-03-15
"PT170",2007,12,530,11.107686070034,2807525,2007-03-22
"PT170",2007,13,478,11.963773890904,2807525,2007-03-29
"PT170",2007,14,543,11.954474748884,2807525,2007-04-05
"PT170",2007,15,481,13.721263776507,2807525,2007-04-12
"PT170",2007,16,532,17.697948346819,2807525,2007-04-19
"PT170",2007,17,462,15.670103236607,2807525,2007-04-26
"PT170",2007,18,430,14.784827532087,2807525,2007-05-03
"PT170",2007,19,450,17.575699288504,2807525,2007-05-10
"PT170",2007,20,439,18.329819161552,2807525,2007-05-17
"PT170",2007,21,427,15.4543483189181,2807525,2007-05-24
"PT170",2007,22,459,17.478457205636,2807525,2007-05-31
"PT170",2007,23,463,19.768570382255,2807525,2007-06-07
"PT170",2007,24,436,18.464868164063,2807525,2007-06-14
"PT170",2007,25,399,17.942777797154,2807525,2007-06-21
"PT170",2007,26,437,18.690000697545,2807525,2007-06-28
"PT170",2007,27,471,21.339593505859,2807525,2007-07-05
"PT170",2007,28,435,21.282346888951,2807525,2007-07-12
"PT170",2007,29,409,19.206305803572,2807525,2007-07-19
"PT170",2007,30,433,22.4991786411831,2807525,2007-07-26
"PT170",2007,31,473,23.707474190848,2807525,2007-08-02
"PT170",2007,32,450,21.052976771764,2807525,2007-08-09
"PT170",2007,33,412,19.764912632534,2807525,2007-08-16
"PT170",2007,34,409,21.595710100447,2807525,2007-08-23
"PT170",2007,35,431,21.537774658203,2807525,2007-08-30
"PT170",2007,36,459,21.987743268694,2807525,2007-09-06
"PT170",2007,37,409,21.178835623605,2807525,2007-09-13
"PT170",2007,38,426,19.739827183315,2807525,2007-09-20
"PT170",2007,39,376,18.949753243583,2807525,2007-09-27
"PT170",2007,40,424,17.97298148019,2807525,2007-10-04
"PT170",2007,41,459,19.658079310826,2807525,2007-10-11
"PT170",2007,42,442,18.863554164342,2807525,2007-10-18
"PT170",2007,43,393,16.16336757115,2807525,2007-10-25
"PT170",2007,44,453,16.203358677455,2807525,2007-11-01
"PT170",2007,45,440,16.570990862165,2807525,2007-11-08
"PT170",2007,46,449,14.122465297154,2807525,2007-11-15
"PT170",2007,47,488,12.533013916016,2807525,2007-11-22
"PT170",2007,48,540,11.100156947545,2807525,2007-11-29
"PT170",2007,49,546,13.218913922991,2807525,2007-12-06
"PT170",2007,50,503,9.558225795201,2807525,2007-12-13
"PT170",2007,51,593,11.218634905134,2807525,2007-12-20
"PT170",2007,52,557,10.093364606585,2807525,2007-12-27
"PT170",2008,1,581,12.222392926897,2807525,2008-01-03
"PT170",2008,2,540,12.666567557199,2807525,2008-01-10
"PT170",2008,3,524,12.608566720145,2807525,2008-01-17
"PT170",2008,4,503,12.320384870257,2807525,2008-01-24
"PT170",2008,5,555,11.276949637277,2807525,2008-01-31
"PT170",2008,6,516,12.535873849052,2807525,2008-02-07
"PT170",2008,7,544,13.114007568359,2807525,2008-02-14
"PT170",2008,8,540,13.664727783203,2807525,2008-02-21
"PT170",2008,9,530,13.559668840681,2807525,2008-02-28
"PT170",2008,10,533,12.178238351005,2807525,2008-03-06
"PT170",2008,11,473,14.091498674665,2807525,2008-03-13
"PT170",2008,12,516,11.688008335659,2807525,2008-03-20
"PT170",2008,13,486,13.109355817522,2807525,2008-03-27
"PT170",2008,14,555,16.70533796038,2807525,2008-04-03
"PT170",2008,15,480,13.734242466518,2807525,2008-04-10
"PT170",2008,16,437,13.678212193081,2807525,2008-04-17
"PT170",2008,17,467,16.885016741072,2807525,2008-04-24
"PT170",2008,18,515,15.209375,2807525,2008-05-01
"PT170",2008,19,447,16.075394112723,2807525,2008-05-08
"PT170",2008,20,441,15.507409667969,2807525,2008-05-15
"PT170",2008,21,409,15.762981305804,2807525,2008-05-22
"PT170",2008,22,419,15.753991699219,2807525,2008-05-29
"PT170",2008,23,450,18.361984688895,2807525,2008-06-05
"PT170",2008,24,513,21.298660714286,2807525,2008-06-12
"PT170",2008,25,435,20.198837716239,2807525,2008-06-19
"PT170",2008,26,439,21.999767194476,2807525,2008-06-26
"PT170",2008,27,402,20.321997942243,2807525,2008-07-03
"PT170",2008,28,418,20.067180524553,2807525,2008-07-10
"PT170",2008,29,450,23.543128313337,2807525,2008-07-17
"PT170",2008,30,433,21.36657976423,2807525,2008-07-24
"PT170",2008,31,390,21.689599609375,2807525,2008-07-31
"PT170",2008,32,426,21.807266671317,2807525,2008-08-07
"PT170",2008,33,439,20.360484967913,2807525,2008-08-14
"PT170",2008,34,403,20.236587960379,2807525,2008-08-21
"PT170",2008,35,432,20.762231445313,2807525,2008-08-28
"PT170",2008,36,401,19.59556187221,2807525,2008-09-04
"PT170",2008,37,455,19.690977260045,2807525,2008-09-11
"PT170",2008,38,439,19.835185895647,2807525,2008-09-18
"PT170",2008,39,451,19.68895438058,2807525,2008-09-25
"PT170",2008,40,465,17.866893659319,2807525,2008-10-02
"PT170",2008,41,439,17.985423932757,2807525,2008-10-09
"PT170",2008,42,473,17.762610735212,2807525,2008-10-16
"PT170",2008,43,420,16.918817138672,2807525,2008-10-23
"PT170",2008,44,486,13.134537179129,2807525,2008-10-30
"PT170",2008,45,502,13.035206821987,2807525,2008-11-06
"PT170",2008,46,504,12.543363734654,2807525,2008-11-13
"PT170",2008,47,539,12.992482212612,2807525,2008-11-20
"PT170",2008,48,527,10.060418701172,2807525,2008-11-27
"PT170",2008,49,616,12.025188337054,2807525,2008-12-04
"PT170",2008,50,678,10.700272042411,2807525,2008-12-11
"PT170",2008,51,613,10.126153564453,2807525,2008-12-18
"PT170",2008,52,663,10.167844935826,2807525,2008-12-25
"PT170",2009,1,724,12.958729771205,2807525,2009-01-01
"PT170",2009,2,684,6.39182652064704,2807525,2009-01-08
"PT170",2009,3,671,9.95797119140605,2807525,2009-01-15
"PT170",2009,4,644,11.831746128627,2807525,2009-01-22
"PT170",2009,5,592,11.750464739118,2807525,2009-01-29
"PT170",2009,6,564,9.79094848632803,2807525,2009-02-05
"PT170",2009,7,543,11.249509974889,2807525,2009-02-12
"PT170",2009,8,494,11.140100097656,2807525,2009-02-19
"PT170",2009,9,601,12.42797241211,2807525,2009-02-26
"PT170",2009,10,542,12.233108956473,2807525,2009-03-05
"PT170",2009,11,595,15.516338239397,2807525,2009-03-12
"PT170",2009,12,502,15.93061000279,2807525,2009-03-19
"PT170",2009,13,477,15.058966936384,2807525,2009-03-26
"PT170",2009,14,450,13.028375244141,2807525,2009-04-02
"PT170",2009,15,480,12.886712646485,2807525,2009-04-09
"PT170",2009,16,492,12.296938650949,2807525,2009-04-16
"PT170",2009,17,479,14.646796526228,2807525,2009-04-23
"PT170",2009,18,512,15.840670340402,2807525,2009-04-30
"PT170",2009,19,500,18.197242082868,2807525,2009-05-07
"PT170",2009,20,461,15.328354317801,2807525,2009-05-14
"PT170",2009,21,496,16.075381033761,2807525,2009-05-21
"PT170",2009,22,454,20.859521484375,2807525,2009-05-28
"PT170",2009,23,434,18.165612792969,2807525,2009-06-04
"PT170",2009,24,418,20.353731863839,2807525,2009-06-11
"PT170",2009,25,487,24.714031110491,2807525,2009-06-18
"PT170",2009,26,482,20.000970458984,2807525,2009-06-25
"PT170",2009,27,413,21.382788957868,2807525,2009-07-02
"PT170",2009,28,401,20.430043247768,2807525,2009-07-09
"PT170",2009,29,427,21.054184395927,2807525,2009-07-16
"PT170",2009,30,455,21.716594587054,2807525,2009-07-23
"PT170",2009,31,407,20.514816720145,2807525,2009-07-30
"PT170",2009,32,397,20.896569824219,2807525,2009-08-06
"PT170",2009,33,480,25.100483921596,2807525,2009-08-13
"PT170",2009,34,445,22.374680001395,2807525,2009-08-20
"PT170",2009,35,426,21.810784912109,2807525,2009-08-27
"PT170",2009,36,458,21.11373726981,2807525,2009-09-03
"PT170",2009,37,432,22.124026053292,2807525,2009-09-10
"PT170",2009,38,448,18.931800188337,2807525,2009-09-17
"PT170",2009,39,430,21.918773542132,2807525,2009-09-24
"PT170",2009,40,493,21.094127546038,2807525,2009-10-01
"PT170",2009,41,441,19.8724609375,2807525,2009-10-08
"PT170",2009,42,479,20.97069266183,2807525,2009-10-15
"PT170",2009,43,451,17.125700160435,2807525,2009-10-22
"PT170",2009,44,422,18.894350760324,2807525,2009-10-29
"PT170",2009,45,446,16.220980398996,2807525,2009-11-05
"PT170",2009,46,464,16.504715401786,2807525,2009-11-12
"PT170",2009,47,468,15.065837751116,2807525,2009-11-19
"PT170",2009,48,488,13.418494524275,2807525,2009-11-26
"PT170",2009,49,532,13.7663600376681,2807525,2009-12-03
"PT170",2009,50,531,13.124479457311,2807525,2009-12-10
"PT170",2009,51,509,9.14970441545802,2807525,2009-12-17
"PT170",2009,52,640,12.485968889509,2807525,2009-12-24
"PT170",2009,53,628,13.736884416853,2807525,2009-12-31
"PT170",2010,1,562,8.96623709542405,2807525,2010-01-07
"PT170",2010,2,617,13.329819161552,2807525,2010-01-14
"PT170",2010,3,534,12.912386648996,2807525,2010-01-21
"PT170",2010,4,564,9.33644583565905,2807525,2010-01-28
"PT170",2010,5,535,11.283031354632,2807525,2010-02-04
"PT170",2010,6,557,9.512907191686,2807525,2010-02-11
"PT170",2010,7,616,10.286222621373,2807525,2010-02-18
"PT170",2010,8,603,13.36471383231,2807525,2010-02-25
"PT170",2010,9,581,12.600405447824,2807525,2010-03-04
"PT170",2010,10,558,10.080630057199,2807525,2010-03-11
"PT170",2010,11,562,13.754684884208,2807525,2010-03-18
"PT170",2010,12,554,13.083620779855,2807525,2010-03-25
"PT170",2010,13,505,12.183609444755,2807525,2010-04-01
"PT170",2010,14,516,15.451444789342,2807525,2010-04-08
"PT170",2010,15,523,14.805226353237,2807525,2010-04-15
"PT170",2010,16,478,16.2578151157931,2807525,2010-04-22
"PT170",2010,17,456,18.193231201172,2807525,2010-04-29
"PT170",2010,18,439,14.285642787389,2807525,2010-05-06
"PT170",2010,19,435,13.870512172154,2807525,2010-05-13
"PT170",2010,20,556,21.281562151228,2807525,2010-05-20
"PT170",2010,21,480,17.811704799107,2807525,2010-05-27
"PT170",2010,22,483,20.616165597098,2807525,2010-06-03
"PT170",2010,23,405,17.526422119141,2807525,2010-06-10
"PT170",2010,24,412,18.50582711356,2807525,2010-06-17
"PT170",2010,25,444,20.504811314174,2807525,2010-06-24
"PT170",2010,26,443,22.420107596261,2807525,2010-07-01
"PT170",2010,27,510,24.134153529576,2807525,2010-07-08
"PT170",2010,28,454,20.874549211775,2807525,2010-07-15
"PT170",2010,29,458,22.194090053013,2807525,2010-07-22
"PT170",2010,30,560,24.830377197265,2807525,2010-07-29
"PT170",2010,31,498,24.224651227679,2807525,2010-08-05
"PT170",2010,32,534,25.282037353516,2807525,2010-08-12
"PT170",2010,33,466,22.194199044364,2807525,2010-08-19
"PT170",2010,34,444,23.37248273577,2807525,2010-08-26
"PT170",2010,35,446,23.325154331752,2807525,2010-09-02
"PT170",2010,36,422,21.576872035435,2807525,2010-09-09
"PT170",2010,37,455,21.801904296875,2807525,2010-09-16
"PT170",2010,38,445,19.571819196429,2807525,2010-09-23
"PT170",2010,39,426,18.403022112165,2807525,2010-09-30
"PT170",2010,40,399,17.563265555246,2807525,2010-10-07
"PT170",2010,41,479,17.149778529576,2807525,2010-10-14
"PT170",2010,42,476,16.127579171317,2807525,2010-10-21
"PT170",2010,43,503,16.23480922154,2807525,2010-10-28
"PT170",2010,44,502,15.978047398159,2807525,2010-11-04
"PT170",2010,45,499,14.535049874442,2807525,2010-11-11
"PT170",2010,46,470,13.224598911831,2807525,2010-11-18
"PT170",2010,47,521,11.382039097377,2807525,2010-11-25
"PT170",2010,48,623,10.082343401228,2807525,2010-12-02
"PT170",2010,49,597,15.389232526507,2807525,2010-12-09
"PT170",2010,50,532,9.36176234654005,2807525,2010-12-16
"PT170",2010,51,564,10.636246163505,2807525,2010-12-23
"PT170",2010,52,637,12.745638602121,2807525,2010-12-30
"PT170",2011,1,556,13.587165178571,2807525,2011-01-06
"PT170",2011,2,608,11.774220493862,2807525,2011-01-13
"PT170",2011,3,582,10.294689069476,2807525,2011-01-20
"PT170",2011,4,620,8.98689749581501,2807525,2011-01-27
"PT170",2011,5,660,9.435000174386,2807525,2011-02-03
"PT170",2011,6,596,11.6578700474331,2807525,2011-02-10
"PT170",2011,7,576,11.992233712333,2807525,2011-02-17
"PT170",2011,8,556,12.959375,2807525,2011-02-24
"PT170",2011,9,522,10.090417480469,2807525,2011-03-03
"PT170",2011,10,517,11.985685511998,2807525,2011-03-10
"PT170",2011,11,512,12.317402866908,2807525,2011-03-17
"PT170",2011,12,511,13.807624162946,2807525,2011-03-24
"PT170",2011,13,464,15.07620500837,2807525,2011-03-31
"PT170",2011,14,496,17.893770926339,2807525,2011-04-07
"PT170",2011,15,485,19.088294328962,2807525,2011-04-14
"PT170",2011,16,462,15.275676618304,2807525,2011-04-21
"PT170",2011,17,487,17.278933279855,2807525,2011-04-28
"PT170",2011,18,479,16.059690638951,2807525,2011-05-05
"PT170",2011,19,444,20.564660644531,2807525,2011-05-12
"PT170",2011,20,426,19.401980154855,2807525,2011-05-19
"PT170",2011,21,477,20.691714041574,2807525,2011-05-26
"PT170",2011,22,402,20.203764125279,2807525,2011-06-02
"PT170",2011,23,389,17.443989780971,2807525,2011-06-09
"PT170",2011,24,442,19.407691301619,2807525,2011-06-16
"PT170",2011,25,453,22.344903564453,2807525,2011-06-23
"PT170",2011,26,401,21.092475237165,2807525,2011-06-30
"PT170",2011,27,401,19.819752720424,2807525,2011-07-07
"PT170",2011,28,414,20.259615652902,2807525,2011-07-14
"PT170",2011,29,453,20.027551269531,2807525,2011-07-21
"PT170",2011,30,431,21.847205461775,2807525,2011-07-28
"PT170",2011,31,428,20.5214869907931,2807525,2011-08-04
"PT170",2011,32,469,23.022502790179,2807525,2011-08-11
"PT170",2011,33,443,22.574478585379,2807525,2011-08-18
"PT170",2011,34,438,20.2287623814181,2807525,2011-08-25
"PT170",2011,35,404,19.25873500279,2807525,2011-09-01
"PT170",2011,36,435,21.103962925502,2807525,2011-09-08
"PT170",2011,37,408,21.415032958984,2807525,2011-09-15
"PT170",2011,38,402,19.952669852121,2807525,2011-09-22
"PT170",2011,39,425,22.635413469587,2807525,2011-09-29
"PT170",2011,40,478,22.438854108538,2807525,2011-10-06
"PT170",2011,41,440,21.785638427734,2807525,2011-10-13
"PT170",2011,42,439,19.258922467913,2807525,2011-10-20
"PT170",2011,43,440,15.947869873047,2807525,2011-10-27
"PT170",2011,44,450,14.928373500279,2807525,2011-11-03
"PT170",2011,45,490,15.750595528739,2807525,2011-11-10
"PT170",2011,46,533,13.473718261719,2807525,2011-11-17
"PT170",2011,47,500,12.814490618025,2807525,2011-11-24
"PT170",2011,48,504,11.761150251116,2807525,2011-12-01
"PT170",2011,49,543,11.88307233538,2807525,2011-12-08
"PT170",2011,50,555,12.846512276786,2807525,2011-12-15
"PT170",2011,51,565,10.696644810268,2807525,2011-12-22
"PT170",2011,52,606,10.175975690569,2807525,2011-12-29
"PT170",2012,1,580,11.49395577567,2807525,2012-01-05
"PT170",2012,2,601,10.018705531529,2807525,2012-01-12
"PT170",2012,3,596,10.169558279855,2807525,2012-01-19
"PT170",2012,4,575,10.052283586775,2807525,2012-01-26
"PT170",2012,5,666,8.081990269252,2807525,2012-02-02
"PT170",2012,6,701,8.98043212890605,2807525,2012-02-09
"PT170",2012,7,725,9.50010724748904,2807525,2012-02-16
"PT170",2012,8,704,11.1224609375,2807525,2012-02-23
"PT170",2012,9,721,11.638425990514,2807525,2012-03-01
"PT170",2012,10,609,14.100248500279,2807525,2012-03-08
"PT170",2012,11,632,13.934947858538,2807525,2012-03-15
"PT170",2012,12,553,14.340552629743,2807525,2012-03-22
"PT170",2012,13,521,16.367233712333,2807525,2012-03-29
"PT170",2012,14,483,12.450442068917,2807525,2012-04-05
"PT170",2012,15,487,13.378921944754,2807525,2012-04-12
"PT170",2012,16,476,13.676686314174,2807525,2012-04-19
"PT170",2012,17,464,12.994252232143,2807525,2012-04-26
"PT170",2012,18,498,13.703799002511,2807525,2012-05-03
"PT170",2012,19,495,19.438596888951,2807525,2012-05-10
"PT170",2012,20,454,18.205603899275,2807525,2012-05-17
"PT170",2012,21,463,17.664400809152,2807525,2012-05-24
"PT170",2012,22,424,20.104246303014,2807525,2012-05-31
"PT170",2012,23,395,19.651644461496,2807525,2012-06-07
"PT170",2012,24,442,19.27231968471,2807525,2012-06-14
"PT170",2012,25,460,19.412622070313,2807525,2012-06-21
"PT170",2012,26,452,22.056124441964,2807525,2012-06-28
"PT170",2012,27,468,19.902760532924,2807525,2012-07-05
"PT170",2012,28,387,19.548377336775,2807525,2012-07-12
"PT170",2012,29,439,24.03361554827,2807525,2012-07-19
"PT170",2012,30,423,21.284679303851,2807525,2012-07-26
"PT170",2012,31,471,20.712121582031,2807525,2012-08-02
"PT170",2012,32,438,22.3880859375,2807525,2012-08-09
"PT170",2012,33,450,21.617364501953,2807525,2012-08-16
"PT170",2012,34,442,22.508739362444,2807525,2012-08-23
"PT170",2012,35,417,22.573667689732,2807525,2012-08-30
"PT170",2012,36,476,23.267986188616,2807525,2012-09-06
"PT170",2012,37,428,22.601608712333,2807525,2012-09-13
"PT170",2012,38,443,21.3141200474331,2807525,2012-09-20
"PT170",2012,39,401,18.324042619978,2807525,2012-09-27
"PT170",2012,40,419,18.724363490513,2807525,2012-10-04
"PT170",2012,41,433,19.170826939174,2807525,2012-10-11
"PT170",2012,42,431,15.317254638672,2807525,2012-10-18
"PT170",2012,43,514,17.255984061105,2807525,2012-10-25
"PT170",2012,44,419,15.37159336635,2807525,2012-11-01
"PT170",2012,45,444,13.236561802455,2807525,2012-11-08
"PT170",2012,46,533,13.196291678292,2807525,2012-11-15
"PT170",2012,47,440,13.340683419364,2807525,2012-11-22
"PT170",2012,48,513,10.337374441964,2807525,2012-11-29
"PT170",2012,49,544,11.87010672433,2807525,2012-12-06
"PT170",2012,50,535,12.36864188058,2807525,2012-12-13
"PT170",2012,51,524,13.972327532087,2807525,2012-12-20
"PT170",2012,52,530,11.789596993583,2807525,2012-12-27
"PT170",2013,1,585,10.958067103795,2807525,2013-01-03
"PT170",2013,2,577,12.248725237165,2807525,2013-01-10
"PT170",2013,3,607,12.257261439732,2807525,2013-01-17
"PT170",2013,4,587,11.950524902344,2807525,2013-01-24
"PT170",2013,5,608,10.484730747768,2807525,2013-01-31
"PT170",2013,6,576,10.354686628069,2807525,2013-02-07
"PT170",2013,7,613,11.039283098493,2807525,2013-02-14
"PT170",2013,8,585,10.857241385324,2807525,2013-02-21
"PT170",2013,9,571,9.02497907366103,2807525,2013-02-28
"PT170",2013,10,634,13.31735055106,2807525,2013-03-07
"PT170",2013,11,553,11.013120814732,2807525,2013-03-14
"PT170",2013,12,525,11.806154959542,2807525,2013-03-21
"PT170",2013,13,498,14.34751499721,2807525,2013-03-28
"PT170",2013,14,485,12.253337751116,2807525,2013-04-04
"PT170",2013,15,531,14.061029052734,2807525,2013-04-11
"PT170",2013,16,484,15.507906668527,2807525,2013-04-18
"PT170",2013,17,495,15.46332484654,2807525,2013-04-25
"PT170",2013,18,463,14.98119506836,2807525,2013-05-02
"PT170",2013,19,467,16.831257847377,2807525,2013-05-09
"PT170",2013,20,456,14.213268171038,2807525,2013-05-16
"PT170",2013,21,476,15.570097133092,2807525,2013-05-23
"PT170",2013,22,453,16.634210205078,2807525,2013-05-30
"PT170",2013,23,530,17.34176461356,2807525,2013-06-06
"PT170",2013,24,457,18.038799176897,2807525,2013-06-13
"PT170",2013,25,459,17.821012660435,2807525,2013-06-20
"PT170",2013,26,482,24.735681152344,2807525,2013-06-27
"PT170",2013,27,542,25.367857142857,2807525,2013-07-04
"PT170",2013,28,654,23.005896868025,2807525,2013-07-11
"PT170",2013,29,439,20.801804024833,2807525,2013-07-18
"PT170",2013,30,421,20.659116908482,2807525,2013-07-25
"PT170",2013,31,445,21.804454694476,2807525,2013-08-01
"PT170",2013,32,446,23.21608014788,2807525,2013-08-08
"PT170",2013,33,462,22.748642403739,2807525,2013-08-15
"PT170",2013,34,414,22.890736607143,2807525,2013-08-22
"PT170",2013,35,425,22.930030168806,2807525,2013-08-29
"PT170",2013,36,424,21.976935686384,2807525,2013-09-05
"PT170",2013,37,445,22.115995570592,2807525,2013-09-12
"PT170",2013,38,419,21.78796648298,2807525,2013-09-19
"PT170",2013,39,426,19.965578787667,2807525,2013-09-26
"PT170",2013,40,428,19.345993477958,2807525,2013-10-03
"PT170",2013,41,453,19.090687779018,2807525,2013-10-10
"PT170",2013,42,442,18.506411307199,2807525,2013-10-17
"PT170",2013,43,475,17.680684116909,2807525,2013-10-24
"PT170",2013,44,421,15.173525565011,2807525,2013-10-31
"PT170",2013,45,465,16.235197230748,2807525,2013-11-07
"PT170",2013,46,454,13.876271275112,2807525,2013-11-14
"PT170",2013,47,518,11.376668003627,2807525,2013-11-21
"PT170",2013,48,529,9.32740827288001,2807525,2013-11-28
"PT170",2013,49,550,9.933796909877,2807525,2013-12-05
"PT170",2013,50,580,12.146543666295,2807525,2013-12-12
"PT170",2013,51,579,10.719223458426,2807525,2013-12-19
"PT170",2013,52,641,12.477293178014,2807525,2013-12-26
"PT170",2014,1,670,13.123856026786,2807525,2014-01-02
"PT170",2014,2,573,13.21765398298,2807525,2014-01-09
"PT170",2014,3,533,11.364953613281,2807525,2014-01-16
"PT170",2014,4,604,11.819752720424,2807525,2014-01-23
"PT170",2014,5,622,11.220997837612,2807525,2014-01-30
"PT170",2014,6,573,12.16491960798,2807525,2014-02-06
"PT170",2014,7,603,11.756167166574,2807525,2014-02-13
"PT170",2014,8,556,10.873311070033,2807525,2014-02-20
"PT170",2014,9,583,12.391237967355,2807525,2014-02-27
"PT170",2014,10,566,13.412853131975,2807525,2014-03-06
"PT170",2014,11,519,13.841420200893,2807525,2014-03-13
"PT170",2014,12,509,12.594559151786,2807525,2014-03-20
"PT170",2014,13,514,11.10184413365,2807525,2014-03-27
"PT170",2014,14,541,13.27189679827,2807525,2014-04-03
"PT170",2014,15,501,15.868929617746,2807525,2014-04-10
"PT170",2014,16,500,15.843818010603,2807525,2014-04-17
"PT170",2014,17,466,14.391752406529,2807525,2014-04-24
"PT170",2014,18,520,17.677580043248,2807525,2014-05-01
"PT170",2014,19,441,17.6277230399,2807525,2014-05-08
"PT170",2014,20,425,19.668241664341,2807525,2014-05-15
"PT170",2014,21,440,14.15965750558,2807525,2014-05-22
"PT170",2014,22,464,16.746558489118,2807525,2014-05-29
"PT170",2014,23,457,17.15260358538,2807525,2014-06-05
"PT170",2014,24,458,22.346032714844,2807525,2014-06-12
"PT170",2014,25,501,19.855161830357,2807525,2014-06-19
"PT170",2014,26,378,18.904818289621,2807525,2014-06-26
"PT170",2014,27,439,19.5876839774,2807525,2014-07-03
"PT170",2014,28,438,22.078528703962,2807525,2014-07-10
"PT170",2014,29,446,21.196112932478,2807525,2014-07-17
"PT170",2014,30,428,21.089532470703,2807525,2014-07-24
"PT170",2014,31,407,21.298015485491,2807525,2014-07-31
"PT170",2014,32,459,21.769015066964,2807525,2014-08-07
"PT170",2014,33,449,21.528959437779,2807525,2014-08-14
"PT170",2014,34,444,20.326409912109,2807525,2014-08-21
"PT170",2014,35,431,21.699339076451,2807525,2014-08-28
"PT170",2014,36,458,21.78747820173,2807525,2014-09-04
"PT170",2014,37,447,20.873742675781,2807525,2014-09-11
"PT170",2014,38,442,19.652978515625,2807525,2014-09-18
"PT170",2014,39,399,19.649285888672,2807525,2014-09-25
"PT170",2014,40,455,20.3603628976,2807525,2014-10-02
"PT170",2014,41,472,18.008717564174,2807525,2014-10-09
"PT170",2014,42,516,19.090665980748,2807525,2014-10-16
"PT170",2014,43,563,21.114613560268,2807525,2014-10-23
"PT170",2014,44,505,18.76943359375,2807525,2014-10-30
"PT170",2014,45,462,14.82687639509,2807525,2014-11-06
"PT170",2014,46,485,15.262410191127,2807525,2014-11-13
"PT170",2014,47,527,15.592327008929,2807525,2014-11-20
"PT170",2014,48,546,13.344306291853,2807525,2014-11-27
"PT170",2014,49,618,11.716136823382,2807525,2014-12-04
"PT170",2014,50,536,10.932057407924,2807525,2014-12-11
"PT170",2014,51,556,11.457591901507,2807525,2014-12-18
"PT170",2014,52,640,10.547736467634,2807525,2014-12-25
"PT170",2015,1,689,8.12882603236602,2809168,2015-01-01
"PT170",2015,2,736,8.87151489257803,2809168,2015-01-08
"PT170",2015,3,785,10.641961669922,2809168,2015-01-15
"PT170",2015,4,732,10.30450265067,2809168,2015-01-22
"PT170",2015,5,790,11.505905587333,2809168,2015-01-29
"PT170",2015,6,666,8.61332310267903,2809168,2015-02-05
"PT170",2015,7,731,10.477624511719,2809168,2015-02-12
"PT170",2015,8,666,11.116217912946,2809168,2015-02-19
"PT170",2015,9,710,11.812707519531,2809168,2015-02-26
"PT170",2015,10,609,13.677876499721,2809168,2015-03-05
"PT170",2015,11,571,12.454762486049,2809168,2015-03-12
"PT170",2015,12,541,12.217047991072,2809168,2015-03-19
"PT170",2015,13,546,12.489613560268,2809168,2015-03-26
"PT170",2015,14,575,16.519573102679,2809168,2015-04-02
"PT170",2015,15,472,14.625107247489,2809168,2015-04-09
"PT170",2015,16,480,14.896670096261,2809168,2015-04-16
"PT170",2015,17,482,15.099738420759,2809168,2015-04-23
"PT170",2015,18,450,15.725213623047,2809168,2015-04-30
"PT170",2015,19,512,16.5646083286831,2809168,2015-05-07
"PT170",2015,20,485,19.719986397879,2809168,2015-05-14
"PT170",2015,21,459,18.702900913784,2809168,2015-05-21
"PT170",2015,22,507,21.016878836496,2809168,2015-05-28
"PT170",2015,23,419,20.880779157366,2809168,2015-06-04
"PT170",2015,24,460,19.307240513393,2809168,2015-06-11
"PT170",2015,25,454,22.466982596261,2809168,2015-06-18
"PT170",2015,26,446,21.701789202009,2809168,2015-06-25
"PT170",2015,27,425,21.277119663784,2809168,2015-07-02
"PT170",2015,28,500,21.39745047433,2809168,2015-07-09
"PT170",2015,29,433,22.24930507115,2809168,2015-07-16
"PT170",2015,30,428,22.285089111328,2809168,2015-07-23
"PT170",2015,31,413,22.353775460379,2809168,2015-07-30
"PT170",2015,32,451,22.292326136998,2809168,2015-08-06
"PT170",2015,33,449,20.807122802734,2809168,2015-08-13
"PT170",2015,34,442,21.540878731864,2809168,2015-08-20
"PT170",2015,35,437,21.86371547154,2809168,2015-08-27
"PT170",2015,36,430,19.76304234096,2809168,2015-09-03
"PT170",2015,37,465,20.144725690569,2809168,2015-09-10
"PT170",2015,38,401,19.282734898159,2809168,2015-09-17
"PT170",2015,39,484,19.867565046038,2809168,2015-09-24
"PT170",2015,40,524,20.020296805246,2809168,2015-10-01
"PT170",2015,41,447,17.814385986328,2809168,2015-10-08
"PT170",2015,42,458,18.361130196708,2809168,2015-10-15
"PT170",2015,43,471,17.953406633649,2809168,2015-10-22
"PT170",2015,44,479,16.523976353237,2809168,2015-10-29
"PT170",2015,45,477,17.472327532087,2809168,2015-11-05
"PT170",2015,46,463,16.147219412667,2809168,2015-11-12
"PT170",2015,47,493,14.191953822545,2809168,2015-11-19
"PT170",2015,48,506,13.012802559989,2809168,2015-11-26
"PT170",2015,49,575,13.430614362444,2809168,2015-12-03
"PT170",2015,50,546,14.157220458985,2809168,2015-12-10
"PT170",2015,51,526,15.779382324219,2809168,2015-12-17
"PT170",2015,52,533,11.915141950335,2809168,2015-12-24
"PT170",2015,53,636,14.113868059431,2809168,2015-12-31
"PT170",2016,1,556,14.136660330636,2812678,2016-01-07
"PT170",2016,2,590,11.50900530134,2812678,2016-01-14
"PT170",2016,3,621,14.403340366909,2812678,2016-01-21
"PT170",2016,4,607,12.211764090402,2812678,2016-01-28
"PT170",2016,5,573,12.584645298549,2812678,2016-02-04
"PT170",2016,6,550,14.07354561942,2812678,2016-02-11
"PT170",2016,7,570,10.095553152902,2812678,2016-02-18
"PT170",2016,8,567,10.896513148717,2812678,2016-02-25
"PT170",2016,9,604,11.276374162947,2812678,2016-03-03
"PT170",2016,10,581,11.281976318359,2812678,2016-03-10
"PT170",2016,11,581,11.731273542131,2812678,2016-03-17
"PT170",2016,12,533,12.140863037109,2812678,2016-03-24
"PT170",2016,13,525,12.280289132254,2812678,2016-03-31
"PT170",2016,14,539,12.72837437221,2812678,2016-04-07
"PT170",2016,15,525,13.560789271764,2812678,2016-04-14
"PT170",2016,16,485,14.640392194475,2812678,2016-04-21
"PT170",2016,17,504,15.3283717564181,2812678,2016-04-28
"PT170",2016,18,503,16.581946672712,2812678,2016-05-05
"PT170",2016,19,460,14.05505632673,2812678,2016-05-12
"PT170",2016,20,518,16.89594203404,2812678,2016-05-19
"PT170",2016,21,509,16.318566894531,2812678,2016-05-26
"PT170",2016,22,459,18.303373500279,2812678,2016-06-02
"PT170",2016,23,465,20.249440220424,2812678,2016-06-09
"PT170",2016,24,441,18.747151402065,2812678,2016-06-16
"PT170",2016,25,479,21.521997070313,2812678,2016-06-23
"PT170",2016,26,452,21.834078543527,2812678,2016-06-30
"PT170",2016,27,492,22.503717041016,2812678,2016-07-07
"PT170",2016,28,499,23.48967023577,2812678,2016-07-14
"PT170",2016,29,482,23.359007045201,2812678,2016-07-21
"PT170",2016,30,518,23.411527797154,2812678,2016-07-28
"PT170",2016,31,452,23.587300327846,2812678,2016-08-04
"PT170",2016,32,496,25.968857247489,2812678,2016-08-11
"PT170",2016,33,472,21.397999790737,2812678,2016-08-18
"PT170",2016,34,474,23.458991350446,2812678,2016-08-25
"PT170",2016,35,457,22.87734375,2812678,2016-09-01
"PT170",2016,36,495,23.207805524554,2812678,2016-09-08
"PT170",2016,37,455,19.856317138672,2812678,2016-09-15
"PT170",2016,38,468,19.43451625279,2812678,2016-09-22
"PT170",2016,39,466,20.972667585101,2812678,2016-09-29
"PT170",2016,40,452,18.495459856306,2812678,2016-10-06
"PT170",2016,41,456,16.718857247489,2812678,2016-10-13
"PT170",2016,42,499,17.8739345005581,2812678,2016-10-20
"PT170",2016,43,473,19.711493791853,2812678,2016-10-27
"PT170",2016,44,454,16.955839320592,2812678,2016-11-03
"PT170",2016,45,511,14.344131905692,2812678,2016-11-10
"PT170",2016,46,527,14.6290614536831,2812678,2016-11-17
"PT170",2016,47,540,11.70846383231,2812678,2016-11-24
"PT170",2016,48,626,14.059978376116,2812678,2016-12-01
"PT170",2016,49,587,14.383207484654,2812678,2016-12-08
"PT170",2016,50,670,12.112006487165,2812678,2016-12-15
"PT170",2016,51,721,10.981365094866,2812678,2016-12-22
"PT170",2016,52,863,10.197987583706,2812678,2016-12-29
"PT170",2017,1,846,11.917526681083,2821349,2017-01-05
"PT170",2017,2,731,10.708912876674,2821349,2017-01-12
"PT170",2017,3,712,7.978718784877,2821349,2017-01-19
"PT170",2017,4,730,10.9376552036831,2821349,2017-01-26
"PT170",2017,5,651,13.313714599609,2821349,2017-02-02
"PT170",2017,6,633,10.546441650391,2821349,2017-02-09
"PT170",2017,7,576,12.621536690848,2821349,2017-02-16
"PT170",2017,8,533,13.046254185268,2821349,2017-02-23
"PT170",2017,9,539,12.422662353516,2821349,2017-03-02
"PT170",2017,10,572,14.96958530971,2821349,2017-03-09
"PT170",2017,11,524,14.378028215681,2821349,2017-03-16
"PT170",2017,12,483,10.947913469587,2821349,2017-03-23
"PT170",2017,13,523,13.721991838728,2821349,2017-03-30
"PT170",2017,14,549,17.01987827846,2821349,2017-04-06
"PT170",2017,15,480,17.190401785714,2821349,2017-04-13
"PT170",2017,16,482,19.05694405692,2821349,2017-04-20
"PT170",2017,17,483,15.754118129185,2821349,2017-04-27
"PT170",2017,18,494,17.162622070312,2821349,2017-05-04
"PT170",2017,19,457,16.740694754464,2821349,2017-05-11
"PT170",2017,20,462,19.161540876116,2821349,2017-05-18
"PT170",2017,21,464,20.297893415178,2821349,2017-05-25
"PT170",2017,22,419,18.790499441964,2821349,2017-06-01
"PT170",2017,23,485,20.558574567522,2821349,2017-06-08
"PT170",2017,24,542,24.462871442523,2821349,2017-06-15
"PT170",2017,25,521,22.812807791574,2821349,2017-06-22
"PT170",2017,26,433,19.95549054827,2821349,2017-06-29
"PT170",2017,27,425,21.175862339565,2821349,2017-07-06
"PT170",2017,28,437,22.193244280134,2821349,2017-07-13
"PT170",2017,29,447,20.434180559431,2821349,2017-07-20
"PT170",2017,30,433,22.352123151507,2821349,2017-07-27
"PT170",2017,31,440,21.6869227818081,2821349,2017-08-03
"PT170",2017,32,444,22.110768345424,2821349,2017-08-10
"PT170",2017,33,438,22.626593889509,2821349,2017-08-17
"PT170",2017,34,493,22.012030901228,2821349,2017-08-24
"PT170",2017,35,421,20.901260811942,2821349,2017-08-31
"PT170",2017,36,427,20.8845589774,2821349,2017-09-07
"PT170",2017,37,443,19.018583461217,2821349,2017-09-14
"PT170",2017,38,463,18.457814243862,2821349,2017-09-21
"PT170",2017,39,474,19.827913992746,2821349,2017-09-28
"PT170",2017,40,505,21.79515991211,2821349,2017-10-05
"PT170",2017,41,446,21.089610944475,2821349,2017-10-12
"PT170",2017,42,495,17.923922293527,2821349,2017-10-19
"PT170",2017,43,490,20.122399902344,2821349,2017-10-26
"PT170",2017,44,480,16.882087053572,2821349,2017-11-02
"PT170",2017,45,480,13.886965506417,2821349,2017-11-09
"PT170",2017,46,520,13.751179722377,2821349,2017-11-16
"PT170",2017,47,524,15.518108258929,2821349,2017-11-23
"PT170",2017,48,527,10.813810511998,2821349,2017-11-30
"PT170",2017,49,654,11.173856898717,2821349,2017-12-07
"PT170",2017,50,629,11.468434361049,2821349,2017-12-14
"PT170",2017,51,627,10.415621512277,2821349,2017-12-21
"PT170",2017,52,646,13.52868913923,2821349,2017-12-28
"PT170",2018,1,650,12.055880301339,2833679,2018-01-04
"PT170",2018,2,699,10.607568359375,2833679,2018-01-11
"PT170",2018,3,728,11.387776402065,2833679,2018-01-18
"PT170",2018,4,652,10.830773925781,2833679,2018-01-25
"PT170",2018,5,613,10.937397984096,2833679,2018-02-01
"PT170",2018,6,672,8.887148611886,2833679,2018-02-08
"PT170",2018,7,721,11.529909842355,2833679,2018-02-15
"PT170",2018,8,688,11.184154401507,2833679,2018-02-22
"PT170",2018,9,669,12.793093436105,2833679,2018-03-01
"PT170",2018,10,583,12.514764404297,2833679,2018-03-08
"PT170",2018,11,594,12.189041573661,2833679,2018-03-15
"PT170",2018,12,532,11.368009730748,2833679,2018-03-22
"PT170",2018,13,586,12.10628226144,2833679,2018-03-29
"PT170",2018,14,590,12.549375697545,2833679,2018-04-05
"PT170",2018,15,584,11.813971819196,2833679,2018-04-12
"PT170",2018,16,525,15.406579589844,2833679,2018-04-19
"PT170",2018,17,568,14.907046072824,2833679,2018-04-26
"PT170",2018,18,502,14.634654889788,2833679,2018-05-03
"PT170",2018,19,493,15.22875366211,2833679,2018-05-10
"PT170",2018,20,505,17.79227382115,2833679,2018-05-17
"PT170",2018,21,502,16.39541015625,2833679,2018-05-24
"PT170",2018,22,538,15.855602155413,2833679,2018-05-31
"PT170",2018,23,508,16.237555803571,2833679,2018-06-07
"PT170",2018,24,467,18.601460484096,2833679,2018-06-14
"PT170",2018,25,515,22.708359200614,2833679,2018-06-21
"PT170",2018,26,461,19.54369506836,2833679,2018-06-28
"PT170",2018,27,454,19.980650111607,2833679,2018-07-05
"PT170",2018,28,417,20.540381731306,2833679,2018-07-12
"PT170",2018,29,435,20.669174630301,2833679,2018-07-19
"PT170",2018,30,463,20.553600202288,2833679,2018-07-26
"PT170",2018,31,652,26.927911376953,2833679,2018-08-02
"PT170",2018,32,644,21.605458286831,2833679,2018-08-09
"PT170",2018,33,492,22.638116455078,2833679,2018-08-16
"PT170",2018,34,513,23.618559047154,2833679,2018-08-23
"PT170",2018,35,449,22.77662702288,2833679,2018-08-30
"PT170",2018,36,456,20.15661882673,2833679,2018-09-06
"PT170",2018,37,457,22.876763916016,2833679,2018-09-13
"PT170",2018,38,445,22.110820661272,2833679,2018-09-20
"PT170",2018,39,487,23.553739711217,2833679,2018-09-27
"PT170",2018,40,464,21.572673688616,2833679,2018-10-04
"PT170",2018,41,497,18.87055140904,2833679,2018-10-11
"PT170",2018,42,509,17.742944335938,2833679,2018-10-18
"PT170",2018,43,486,17.207657296317,2833679,2018-10-25
"PT170",2018,44,517,13.467156982422,2833679,2018-11-01
"PT170",2018,45,541,14.508416748047,2833679,2018-11-08
"PT170",2018,46,517,14.624087088449,2833679,2018-11-15
"PT170",2018,47,459,13.350065394811,2833679,2018-11-22
"PT170",2018,48,539,12.148474993024,2833679,2018-11-29
"PT170",2018,49,606,12.563945661272,2833679,2018-12-06
"PT170",2018,50,589,13.325202287947,2833679,2018-12-13
"PT170",2018,51,591,11.951754324777,2833679,2018-12-20
"PT170",2018,52,631,11.619387381417,2833679,2018-12-27
"PT170",2019,1,713,9.56757725306903,2846332,2019-01-03
"PT170",2019,2,794,8.92796369280103,2846332,2019-01-10
"PT170",2019,3,814,10.42950265067,2846332,2019-01-17
"PT170",2019,4,806,11.797788783482,2846332,2019-01-24
"PT170",2019,5,729,11.540185546875,2846332,2019-01-31
"PT170",2019,6,736,10.697843715123,2846332,2019-02-07
"PT170",2019,7,672,12.302296665737,2846332,2019-02-14
"PT170",2019,8,625,12.631860351563,2846332,2019-02-21
"PT170",2019,9,567,13.449648611886,2846332,2019-02-28
"PT170",2019,10,577,13.125717599051,2846332,2019-03-07
"PT170",2019,11,561,13.246118164063,2846332,2019-03-14
"PT170",2019,12,547,14.730196707589,2846332,2019-03-21
"PT170",2019,13,555,16.573196847098,2846332,2019-03-28
"PT170",2019,14,532,12.543769182478,2846332,2019-04-04
"PT170",2019,15,485,14.00223475865,2846332,2019-04-11
"PT170",2019,16,527,14.715007672991,2846332,2019-04-18
"PT170",2019,17,516,14.334998430525,2846332,2019-04-25
"PT170",2019,18,514,17.516538783482,2846332,2019-05-02
"PT170",2019,19,490,17.888469587054,2846332,2019-05-09
"PT170",2019,20,496,18.718277413505,2846332,2019-05-16
"PT170",2019,21,463,18.545103236607,2846332,2019-05-23
"PT170",2019,22,477,23.288799176897,2846332,2019-05-30
"PT170",2019,23,451,17.238013567243,2846332,2019-06-06
"PT170",2019,24,446,16.933735874721,2846332,2019-06-13
"PT170",2019,25,468,18.543141392299,2846332,2019-06-20
"PT170",2019,26,448,19.629628208706,2846332,2019-06-27
"PT170",2019,27,437,19.495350864955,2846332,2019-07-04
"PT170",2019,28,468,22.269520786831,2846332,2019-07-11
"PT170",2019,29,443,20.816212681362,2846332,2019-07-18
"PT170",2019,30,468,21.406304931641,2846332,2019-07-25
"PT170",2019,31,476,20.395052664621,2846332,2019-08-01
"PT170",2019,32,457,21.159225899833,2846332,2019-08-08
"PT170",2019,33,447,21.6456630161831,2846332,2019-08-15
"PT170",2019,34,510,22.722288295201,2846332,2019-08-22
"PT170",2019,35,485,21.504174804687,2846332,2019-08-29
"PT170",2019,36,523,24.043655831473,2846332,2019-09-05
"PT170",2019,37,455,22.376218959264,2846332,2019-09-12
"PT170",2019,38,470,19.620237513951,2846332,2019-09-19
"PT170",2019,39,442,18.94379359654,2846332,2019-09-26
"PT170",2019,40,454,19.226190185547,2846332,2019-10-03
"PT170",2019,41,450,19.449748883929,2846332,2019-10-10
"PT170",2019,42,515,16.576632254464,2846332,2019-10-17
"PT170",2019,43,584,15.313984898159,2846332,2019-10-24
"PT170",2019,44,541,18.436212158204,2846332,2019-10-31
"PT170",2019,45,490,14.763922991071,2846332,2019-11-07
"PT170",2019,46,537,13.4492300851,2846332,2019-11-14
"PT170",2019,47,579,13.153846086775,2846332,2019-11-21
"PT170",2019,48,529,15.380835832868,2846332,2019-11-28
"PT170",2019,49,565,11.818797956194,2846332,2019-12-05
"PT170",2019,50,593,12.797313581194,2846332,2019-12-12
"PT170",2019,51,620,14.488166155134,2846332,2019-12-19
"PT170",2019,52,620,13.170547921317,2846332,2019-12-26
"PT170",2020,1,634,10.40379813058,2863272,2020-01-02
"PT170",2020,2,656,10.173778424944,2863272,2020-01-09
"PT170",2020,3,687,12.972833251953,2863272,2020-01-16
"PT170",2020,4,672,10.024591064453,2863272,2020-01-23
"PT170",2020,5,670,14.298787144252,2863272,2020-01-30
"PT170",2020,6,626,13.481107875279,2863272,2020-02-06
"PT170",2020,7,581,12.971882847377,2863272,2020-02-13
"PT170",2020,8,551,13.54278390067,2863272,2020-02-20
"PT170",2020,9,611,13.33095703125,2863272,2020-02-27
"PT170",2020,10,541,13.687921142578,2863272,2020-03-05
"PT170",2020,11,571,14.649787248884,2863272,2020-03-12
"PT170",2020,12,565,13.440876988002,2863272,2020-03-19
"PT170",2020,13,627,13.791545758929,2863272,2020-03-26
"PT170",2020,14,613,12.37645438058,2863272,2020-04-02
"PT170",2020,15,628,15.316587611607,2863272,2020-04-09
"PT170",2020,16,589,14.269315883092,2863272,2020-04-16
"PT170",2020,17,570,14.366540527344,2863272,2020-04-23
"PT170",2020,18,543,16.238357979911,2863272,2020-04-30
"PT170",2020,19,563,16.960024588449,2863272,2020-05-07
"PT170",2020,20,530,16.023758370536,2863272,2020-05-14
"PT170",2020,21,524,19.046119035993,2863272,2020-05-21
"PT170",2020,22,551,22.60199672154,2863272,2020-05-28
"PT170",2020,23,550,19.237050083705,2863272,2020-06-04
"PT170",2020,24,482,17.574068777902,2863272,2020-06-11
"PT170",2020,25,528,19.062009974888,2863272,2020-06-18
"PT170",2020,26,549,21.227733503069,2863272,2020-06-25
"PT170",2020,27,548,21.325006103516,2863272,2020-07-02
"PT170",2020,28,557,22.558382742746,2863272,2020-07-09
"PT170",2020,29,639,25.414322335379,2863272,2020-07-16
"PT170",2020,30,601,23.557484654018,2863272,2020-07-23
"PT170",2020,31,531,21.817215401786,2863272,2020-07-30
"PT170",2020,32,490,22.310780552455,2863272,2020-08-06
"PT170",2020,33,512,20.662037876674,2863272,2020-08-13
"PT170",2020,34,521,21.887776402065,2863272,2020-08-20
"PT170",2020,35,566,21.935353306362,2863272,2020-08-27
"PT170",2020,36,530,22.954226248605,2863272,2020-09-03
"PT170",2020,37,539,23.367896379743,2863272,2020-09-10
"PT170",2020,38,593,19.95597882952,2863272,2020-09-17
"PT170",2020,39,505,19.042465645927,2863272,2020-09-24
"PT170",2020,40,580,18.157316371373,2863272,2020-10-01
"PT170",2020,41,593,19.073161969866,2863272,2020-10-08
"PT170",2020,42,572,16.204391915458,2863272,2020-10-15
"PT170",2020,43,600,16.173120117188,2863272,2020-10-22
"PT170",2020,44,601,16.089392961775,2863272,2020-10-29
"PT170",2020,45,651,15.354547119141,2863272,2020-11-05
"PT170",2020,46,683,15.537194824219,2863272,2020-11-12
"PT170",2020,47,689,16.096490478516,2863272,2020-11-19
"PT170",2020,48,693,12.643208530971,2863272,2020-11-26
"PT170",2020,49,710,12.016543143136,2863272,2020-12-03
"PT170",2020,50,767,14.968259974888,2863272,2020-12-10
"PT170",2020,51,744,13.208524867467,2863272,2020-12-17
"PT170",2020,52,781,11.20941859654,2863272,2020-12-24
"PT170",2020,53,829,9.866348702567,2863272,2020-12-31
"PT170",2021,1,1028,6.73660103934202,2869033,2021-01-07
"PT170",2021,2,1316,7.92898385184202,2869033,2021-01-14
"PT170",2021,3,1469,12.270889718192,2869033,2021-01-21
"PT170",2021,4,1519,14.227380371094,2869033,2021-01-28
"PT170",2021,5,1246,12.682628522601,2869033,2021-02-04
"PT170",2021,6,1057,13.271936035156,2869033,2021-02-11
"PT170",2021,7,828,13.190384347098,2869033,2021-02-18
"PT170",2021,8,722,13.133325195312,2869033,2021-02-25
"PT170",2021,9,682,12.985493687221,2869033,2021-03-04
"PT170",2021,10,616,12.346651785714,2869033,2021-03-11
"PT170",2021,11,572,13.788249860491,2869033,2021-03-18
"PT170",2021,12,565,13.683138602121,2869033,2021-03-25
"PT170",2021,13,584,16.462993512835,2869033,2021-04-01
"PT170",2021,14,487,15.2592799595431,2869033,2021-04-08
"PT170",2021,15,476,15.564141845703,2869033,2021-04-15
"PT170",2021,16,493,15.942660086496,2869033,2021-04-22
"PT170",2021,17,486,14.314499337333,2869033,2021-04-29
"PT170",2021,18,562,16.027049909319,2869033,2021-05-06
"PT170",2021,19,501,16.013783482143,2869033,2021-05-13
"PT170",2021,20,475,16.776286969866,2869033,2021-05-20
"PT170",2021,21,534,18.205625697545,2869033,2021-05-27
"PT170",2021,22,490,17.61371547154,2869033,2021-06-03
"PT170",2021,23,503,20.106530761719,2869033,2021-06-10
"PT170",2021,24,527,18.880194963728,2869033,2021-06-17
"PT170",2021,25,485,19.722528076172,2869033,2021-06-24
"PT170",2021,26,539,19.244906180246,2869033,2021-07-01
"PT170",2021,27,534,21.16747000558,2869033,2021-07-08
"PT170",2021,28,562,21.801633998326,2869033,2021-07-15
"PT170",2021,29,465,20.193928745815,2869033,2021-07-22
"PT170",2021,30,500,20.403283691406,2869033,2021-07-29
"PT170",2021,31,543,20.788254220145,2869033,2021-08-05
"PT170",2021,32,523,22.145527866909,2869033,2021-08-12
"PT170",2021,33,553,21.099271937779,2869033,2021-08-19
"PT170",2021,34,492,21.004972621373,2869033,2021-08-26
"PT170",2021,35,519,21.681961495536,2869033,2021-09-02
"PT170",2021,36,496,21.857651192801,2869033,2021-09-09
"PT170",2021,37,479,19.850614711217,2869033,2021-09-16
"PT170",2021,38,509,19.322726004464,2869033,2021-09-23
"PT170",2021,39,495,18.794004603795,2869033,2021-09-30
"PT170",2021,40,566,19.463743373326,2869033,2021-10-07
"PT170",2021,41,533,20.36163155692,2869033,2021-10-14
"PT170",2021,42,490,18.674506487165,2869033,2021-10-21
"PT170",2021,43,532,18.198170689174,2869033,2021-10-28
"PT170",2021,44,533,13.844668143136,2869033,2021-11-04
"PT170",2021,45,570,14.375059291295,2869033,2021-11-11
"PT170",2021,46,611,14.075899832589,2869033,2021-11-18
"PT170",2021,47,664,11.478152029855,2869033,2021-11-25
"PT170",2021,48,680,12.142602539063,2869033,2021-12-02
"PT170",2021,49,620,13.654704938616,2869033,2021-12-09
"PT170",2021,50,594,12.733217947824,2869033,2021-12-16
"PT170",2021,51,632,14.8833033970431,2869033,2021-12-23
"PT170",2021,52,657,14.799785505022,2869033,2021-12-30
"PT170",2022,1,650,12.067193603516,2869627,2022-01-06
"PT170",2022,2,671,11.977855573382,2869627,2022-01-13
"PT170",2022,3,783,10.109347098214,2869627,2022-01-20
"PT170",2022,4,742,11.936390904018,2869627,2022-01-27
"PT170",2022,5,707,12.098984200614,2869627,2022-02-03
"PT170",2022,6,693,13.226517159598,2869627,2022-02-10
"PT170",2022,7,664,12.329897635324,2869627,2022-02-17
"PT170",2022,8,624,13.950045340402,2869627,2022-02-24
"PT170",2022,9,604,12.1598231724331,2869627,2022-03-03
"PT170",2022,10,583,12.767885916574,2869627,2022-03-10
"PT170",2022,11,601,14.178770228795,2869627,2022-03-17
"PT170",2022,12,636,13.843647984096,2869627,2022-03-24
"PT170",2022,13,631,13.478012520927,2869627,2022-03-31
"PT170",2022,14,611,13.262785121373,2869627,2022-04-07
"PT170",2022,15,621,15.230419049944,2869627,2022-04-14
"PT170",2022,16,571,13.187267194475,2869627,2022-04-21
"PT170",2022,17,546,15.959274727958,2869627,2022-04-28
"PT170",2022,18,559,17.622722516741,2869627,2022-05-05
"PT170",2022,19,603,19.986683872768,2869627,2022-05-12
"PT170",2022,20,571,20.036658586775,2869627,2022-05-19
"PT170",2022,21,601,19.605362374442,2869627,2022-05-26
"PT170",2022,22,589,18.728784179688,2869627,2022-06-02
"PT170",2022,23,626,21.915394810268,2869627,2022-06-09
"PT170",2022,24,643,20.832958112444,2869627,2022-06-16
"PT170",2022,25,592,18.332814243862,2869627,2022-06-23
"PT170",2022,26,539,19.52473929269,2869627,2022-06-30
"PT170",2022,27,642,24.646037946428,2869627,2022-07-07
"PT170",2022,28,671,25.111348179409,2869627,2022-07-14
"PT170",2022,29,533,22.453685651507,2869627,2022-07-21
"PT170",2022,30,574,22.804389299665,2869627,2022-07-28
"PT170",2022,31,518,21.82594342913,2869627,2022-08-04
"PT170",2022,32,516,21.351081194196,2869627,2022-08-11
"PT170",2022,33,507,22.33879132952,2869627,2022-08-18
"PT170",2022,34,485,21.336907958984,2869627,2022-08-25
"PT170",2022,35,529,20.40426461356,2869627,2022-09-01
"PT170",2022,36,536,21.670914132255,2869627,2022-09-08
"PT170",2022,37,512,20.923874337333,2869627,2022-09-15
"PT170",2022,38,546,21.052819824219,2869627,2022-09-22
"PT170",2022,39,477,18.606574358259,2869627,2022-09-29
"PT170",2022,40,570,20.155193219866,2869627,2022-10-06
"PT170",2022,41,550,18.690576171875,2869627,2022-10-13
"PT170",2022,42,508,18.430928257533,2869627,2022-10-20
"PT170",2022,43,562,18.888857596261,2869627,2022-10-27
"PT170",2022,44,582,15.858714948382,2869627,2022-11-03
"PT170",2022,45,566,16.425740269252,2869627,2022-11-10
"PT170",2022,46,590,16.050003487723,2869627,2022-11-17
"PT170",2022,47,607,15.184136962891,2869627,2022-11-24
"PT170",2022,48,653,12.26159929548,2869627,2022-12-01
"PT170",2022,49,757,14.273884800502,2869627,2022-12-08
"PT170",2022,50,752,15.152629743304,2869627,2022-12-15
"PT170",2022,51,701,15.815270996094,2869627,2022-12-22
"PT170",2022,52,663,14.991431535994,2869627,2022-12-29
"PT170",2023,1,654,12.268426513672,2899670,2023-01-05
"PT170",2023,2,593,12.908872767857,2899670,2023-01-12
"PT170",2023,3,668,12.200843157087,2899670,2023-01-19
"PT170",2023,4,679,8.46522129603801,2899670,2023-01-26
"PT170",2023,5,731,9.40287388392903,2899670,2023-02-02
"PT170",2023,6,761,10.78395124163,2899670,2023-02-09
"PT170",2023,7,707,13.720797293527,2899670,2023-02-16
"PT170",2023,8,652,11.297845458984,2899670,2023-02-23
"PT170",2023,9,661,10.025428118025,2899670,2023-03-02
"PT170",2023,10,685,14.802553885324,2899670,2023-03-09
"PT170",2023,11,623,13.899918038504,2899670,2023-03-16
"PT170",2023,12,559,14.353679547991,2899670,2023-03-23
"PT170",2023,13,566,16.063038853237,2899670,2023-03-30
"PT170",2023,14,557,17.208228410993,2899670,2023-04-06
"PT170",2023,15,524,16.243105643136,2899670,2023-04-13
"PT170",2023,16,556,17.694604492188,2899670,2023-04-20
"PT170",2023,17,539,19.31764264788,2899670,2023-04-27
"PT170",2023,18,550,19.129854910714,2899670,2023-05-04
"PT170",2023,19,483,17.945049176897,2899670,2023-05-11
"PT170",2023,20,561,19.221542794364,2899670,2023-05-18
"PT170",2023,21,536,18.865533447266,2899670,2023-05-25
"PT170",2023,22,521,19.021718052455,2899670,2023-06-01
"PT170",2023,23,523,20.515767124721,2899670,2023-06-08
"PT170",2023,24,481,21.535006277902,2899670,2023-06-15
"PT170",2023,25,515,22.742852783203,2899670,2023-06-22
"PT170",2023,26,500,23.068854631697,2899670,2023-06-29
"PT170",2023,27,478,21.364295305525,2899670,2023-07-06
"PT170",2023,28,493,22.03838936942,2899670,2023-07-13
"PT170",2023,29,501,21.359756905692,2899670,2023-07-20
"PT170",2023,30,497,21.61649257115,2899670,2023-07-27
"PT170",2023,31,528,23.137789481027,2899670,2023-08-03
"PT170",2023,32,578,23.645750209263,2899670,2023-08-10
"PT170",2023,33,521,22.550456891741,2899670,2023-08-17
"PT170",2023,34,567,24.221577671596,2899670,2023-08-24
"PT170",2023,35,510,20.447756522042,2899670,2023-08-31
"PT170",2023,36,538,20.460717773438,2899670,2023-09-07
"PT170",2023,37,546,20.839109584263,2899670,2023-09-14
"PT170",2023,38,519,19.478967285156,2899670,2023-09-21
"PT170",2023,39,506,23.082151576451,2899670,2023-09-28
"PT170",2023,40,536,22.7888209751681,2899670,2023-10-05
"PT170",2023,41,516,21.629833112444,2899670,2023-10-12
"PT170",2023,42,550,18.2555262974331,2899670,2023-10-19
"PT170",2023,43,541,17.741880580357,2899670,2023-10-26
"PT170",2023,44,534,16.816945103237,2899670,2023-11-02
"PT170",2023,45,577,16.049105398996,2899670,2023-11-09
"PT170",2023,46,535,16.65417742048,2899670,2023-11-16
"PT170",2023,47,580,13.360201590402,2899670,2023-11-23
"PT170",2023,48,600,14.4558480399,2899670,2023-11-30
"PT170",2023,49,696,14.113310023716,2899670,2023-12-07
"PT170",2023,50,645,13.209771728516,2899670,2023-12-14
"PT170",2023,51,733,10.707535226005,2899670,2023-12-21
"PT170",2023,52,803,11.464606584821,2899670,2023-12-28
